"","Genus","genus_size","mass_g","gestation_mo","newborn_g","weaning_mo","wean_g","afr_mo","life_mo","litter_size","litters_per_year"
"1","Abrocoma",2,278.5,3.78,12.25,NA,NA,NA,28,2.4,2
"2","Acinonyx",1,58750,3.35,403.96,3.67,1940,25.41,228,3.04,0.65
"3","Acomys",4,39.8933333333333,1.225,6.385,0.81,11.29,2.51,60,2.485,3.5
"4","Addax",1,182375,9.39,5480,6.5,NA,27.27,308,1,0.99
"5","Aepyceros",1,41480,6.35,5093,5.63,15900,16.66,213,1,0.95
"6","Aethomys",4,107.7775,0.85,4.35,0.883333333333333,30.3566666666667,3.77,NA,2.9575,2
"7","Agouti",1,9000,3.77,682.4,2.41,NA,10.5,192,1.26,1.5
"8","Ailuropoda",1,111600,4.31,109.29,6.7,15000,77.26,408,1.54,0.7
"9","Ailurus",1,4325,4.3,120.17,4,1140,19.51,210,2.02,1
"10","Akodon",9,36.54,0.78,2.875,0.68,NA,3.5275,NA,3.93666666666667,2.4
"11","Alcelaphus",1,150000,7.9,10166.67,6.5,NA,23.02,240,1,NA
"12","Alces",1,351000,7.95,13018.18,3.8,94000,23.38,324,1.29,0.77
"13","Allactaga",4,66.0175,NA,NA,1.09,NA,4.67,50,4.775,1.5
"14","Allenopithecus",1,3301.67,NA,221,2.5,NA,NA,276,1,NA
"15","Allocricetulus",1,NA,NA,NA,NA,NA,NA,NA,NA,2
"16","Alopex",1,4500,1.75,71.04,1.67,NA,9.94,194,8.12,0.92
"17","Alouatta",4,7041.8575,6.2625,332.8125,10.98,1100,46.2566666666667,240,1.05,0.79
"18","Alticola",3,40.9,0.67,3,0.57,15,NA,NA,5.2,2.35
"19","Amblonyx",1,3000,2.07,57,2.67,NA,NA,192,1.42,2
"20","Amblysomus",1,64.8,NA,4.5,NA,NA,NA,NA,2,NA
"21","Ammodorcas",1,28500,6.8,NA,NA,NA,NA,NA,1,NA
"22","Ammospermophilus",4,122.05,0.96,4.01333333333333,1.945,43.375,11.25,69,8.215,1.0825
"23","Ammotragus",1,55500,5.08,3810,4,NA,14.89,251,1.37,2
"24","Anomalurus",3,936.333333333333,NA,NA,NA,NA,NA,NA,1.39,2
"25","Antidorcas",1,30000,5.72,3910,4.04,NA,10.23,228,1,NA
"26","Antilocapra",1,45375,8.13,3246.36,3,8900,13.53,142,1.85,1
"27","Antilope",1,37500,5.5,3846,2.13,NA,20.13,255,1,1.89
"28","Aonyx",2,17900,2.1,1050,1.75,3360,13.1,168,2.56,NA
"29","Aotus",3,979.186666666667,4.55,94.59,4.44666666666667,360,29.46,324,1.04,1
"30","Aplodontia",1,687,0.98,23.58,1.75,392.52,23.45,72,3.14,1
"31","Apodemus",7,30.546,0.775,2.16,0.7925,8.7,2.1275,48,4.92428571428571,2.95
"32","Arborimus",3,27.3333333333333,1.15,2.57,1.01,21,NA,NA,2.29,NA
"33","Arctictis",1,12250,2.74,316.38,2.59,2100,30.34,311,2.63,2
"34","Arctocebus",1,314.14,4.46,29.69,3.69,160,10.36,156,1,1.5
"35","Arctocephalus",6,49194.445,8.73666666666667,4654.25833333333,10.7366666666667,18983.3333333333,42.906,279,1,0.916666666666667
"36","Arctogalidia",1,2250,1.5,NA,2,NA,36,193,2.5,2
"37","Arctonyx",1,10500,1.5,58,3.42,NA,NA,NA,3.5,NA
"38","Arvicanthis",1,64.5,0.73,4.15,0.75,21.67,1.82,NA,5.03,3.5
"39","Arvicola",2,153.75,0.72,5.93,0.51,42,1.69,60,5.04,3.22
"40","Atelerix",3,462.666666666667,1.25333333333333,9.205,1.31666666666667,NA,7.385,NA,4.73666666666667,1.25
"41","Ateles",4,6796.6,6.72,381.39,20.84,2895,61.1166666666667,408,1,0.44
"42","Atelocynus",1,9500,NA,NA,NA,NA,NA,132,NA,NA
"43","Atherurus",2,2590,3.5,148.13,NA,NA,NA,275,1.585,2.5
"44","Atilax",1,3300,2.49,100.23,1.43,631.85,NA,228,2.42,NA
"45","Auliscomys",1,72.6,NA,NA,NA,NA,2,NA,NA,NA
"46","Avahi",1,1094.43,4.5,NA,5.33,NA,30.96,NA,1,1
"47","Axis",2,44250,7.585,2871.75,5,NA,11.32,244.5,1.02,NA
"48","Babyrousa",1,1e+05,5.16,715,7,NA,18,288,1.4,2
"49","Baiomys",1,7.83,0.74,1.16,0.68,3.59,1.95,43,2.67,NA
"50","Balaena",1,8e+07,12.37,NA,11.25,NA,210,1200,1,0.29
"51","Balaenoptera",5,53366666.668,11.108,1583333.33333333,7.028,19075000,88.634,1000.8,1.008,0.544
"52","Bandicota",2,355.835,0.665,7.21,0.945,31.95,5.495,NA,7.7,5.9
"53","Bassaricyon",1,1242.5,2.45,51,NA,NA,21.35,NA,1,NA
"54","Bassariscus",2,937.75,1.98,28.58,2.26,219.35,10.7,236.5,2.1,1
"55","Bathyergus",2,483.5,2.26,24.7,0.815,NA,NA,NA,3.315,1.5
"56","Bdeogale",1,1570,NA,NA,NA,NA,NA,NA,1,NA
"57","Beamys",1,101.67,0.83,3.2,1.38,59.2,6.85,NA,4.26,NA
"58","Berardius",2,8200000,12.335,NA,NA,NA,124.29,1008,NA,NA
"59","Bison",2,498833.335,9.035,21500.04,8.655,157500,29.72,312,1,1
"60","Blarina",3,15.1266666666667,0.705,0.97,0.86,14.5,2.21,28.5,5.41,2.25
"61","Blastocerus",1,102500,8.89,4200,NA,NA,NA,NA,1,1
"62","Bolomys",1,39.93,0.74,3.45,NA,NA,2.28,NA,4.17,NA
"63","Bos",3,599888.89,9.24333333333333,20516.665,7.11,NA,24.6566666666667,311,1.16666666666667,0.88
"64","Boselaphus",1,169000,8.51,5875,NA,NA,29.97,260,1.51,1.13
"65","Brachylagus",1,421.33,0.89,NA,NA,NA,8.42,NA,6,2.5
"66","Brachyteles",1,11142.5,7.76,NA,21.75,NA,90,NA,1,0.34
"67","Bradypus",3,4176.66666666667,5,290,1.15,NA,20.475,312,1,1
"68","Bubalus",3,591666.665,10.1066666666667,37500,7.5,NA,19.88,360.333333333333,1.11,0.5
"69","Budorcas",1,302000,8.29,6000,NA,NA,30,235,1.17,1
"70","Bunolagus",1,1250,NA,45,NA,NA,NA,NA,1,NA
"71","Cabassous",1,2750,NA,NA,NA,NA,NA,NA,1,NA
"72","Cacajao",1,4092,6,NA,21.14,NA,32.9,372,1,0.5
"73","Callicebus",3,1006.66666666667,4.91,73.1,5.09,NA,42.4,300,1.05666666666667,0.965
"74","Callimico",1,558.33,5.18,49.07,2.07,215,17.33,215,1,1.17
"75","Callithrix",6,306.568333333333,4.75,25.9266666666667,3.97333333333333,83.5,18.44,180,2.018,2
"76","Callorhinus",1,49100,8.37,5182.73,3.22,12920,48.9,312,1,0.89
"77","Callosciurus",4,205.5,1.57,16.35,NA,NA,NA,115,2.3175,NA
"78","Calomys",5,29.24,0.7825,2.195,0.58,14.25,2.065,NA,4.852,NA
"79","Calomyscus",2,20.4,NA,NA,NA,NA,NA,NA,3.33,1.5
"80","Camelus",2,434000,12.91,35404.23,12.565,253484,44.15,480,1,0.575
"81","Canis",7,16335.7142857143,2.08571428571429,258.7125,1.95,3383.5,14.21,187.666666666667,4.46,1.205
"82","Cannomys",1,650,1.38,7,2,NA,NA,39,1.75,NA
"83","Caperea",1,3200000,10,NA,5.5,NA,NA,NA,1,NA
"84","Capra",5,55500,5.328,3157.2325,6,NA,25.81,219,1.392,0.916666666666667
"85","Capreolus",2,30558.335,8.105,1482.165,3.79,18721.25,15.41,180,1.89,1
"86","Caprolagus",1,2500,NA,NA,NA,NA,NA,NA,NA,2.5
"87","Capromys",1,4683.33,4.25,209.5,3.3,NA,8.38,136,2.08,NA
"88","Caracal",1,14000,2.43,165,4.17,NA,16.51,216,3.08,NA
"89","Castor",2,19303.335,3.635,496.685,2.09,4200,26.41,420,3.36,1
"90","Catagonus",1,35300,NA,647,NA,NA,39.17,NA,2.42,NA
"91","Catopuma",1,11500,2.67,250,NA,NA,21,240,1.28,NA
"92","Cavia",3,568.833333333333,2.14,72.4,0.58,199.525,2.24,NA,2.89333333333333,NA
"93","Cebus",4,2520.035,5.4,231.696666666667,14.9225,1175,55.805,560,1,0.56
"94","Cephalophus",11,17655,5.8875,1385.75,1.625,20512.5,20.195,166.666666666667,1,1
"95","Cephalorhynchus",3,72400,12,7500,NA,NA,85.5,228,1,0.42
"96","Ceratotherium",1,2233333.33,15.87,51166.67,12,NA,66.57,600,1,0.42
"97","Cercocebus",2,6231.21,5.73,NA,12,2170,66.07,237,1,NA
"98","Cercopithecus",13,3875.29666666667,5.46571428571429,370.294444444444,11.5616666666667,1640,58.9885714285714,384.5,1,0.7925
"99","Cerdocyon",1,6500,1.85,365,3,NA,9.07,138,4.1,1.9
"100","Cervus",7,111690.475714286,8.03142857142857,6861.5225,6.684,37745,24.3142857142857,276.857142857143,1.01428571428571,0.985
"101","Chaetodipus",7,20.7185714285714,0.902,1.375,0.765,9.5,6.84333333333333,65.5,4.38333333333333,1.25
"102","Chaetophractus",2,2085,2.18,131.4,1.83,NA,9,282,1.575,1
"103","Cheirogaleus",2,282.4,2.255,17.185,1.79,NA,13.77,168,2.195,1
"104","Chinchilla",2,571.25,3.985,39.27,1.78,NA,7.225,240,1.535,1.75
"105","Chionomys",2,54,0.69,3.7,0.75,NA,NA,NA,2.67,2.25
"106","Chiropodomys",1,25.5,0.67,2.8,0.79,10,3.33,43,2.17,NA
"107","Chiropotes",2,2825,5,NA,NA,NA,48,216,1,NA
"108","Chiruromys",1,43.4,NA,NA,NA,NA,NA,NA,1,NA
"109","Chlorocebus",1,3732.64,5.62,337.79,6.99,1036.5,47.37,372,1,1
"110","Choloepus",2,5410,9.04,371.01,1.595,NA,33.06,359,1.25,0.85
"111","Chrotogale",1,3250,2,81.5,NA,NA,NA,NA,2,1.5
"112","Chrysochloris",2,40.9,NA,NA,2.5,NA,NA,NA,2.75,NA
"113","Chrysocyon",1,23000,2.11,400.17,4.75,NA,24,188,3.09,NA
"114","Chrysospalax",1,104,NA,NA,NA,NA,NA,NA,2,NA
"115","Civettictis",1,13666.67,2.31,417,4.19,1955.75,14.62,336,2.26,2.25
"116","Clethrionomys",5,23.888,0.6675,2.12666666666667,0.635,10.0966666666667,3.2825,59,4.752,3.164
"117","Coendou",1,3900,6.67,407.9,3.13,NA,19,208,1,NA
"118","Colobus",4,9183.2925,6.14333333333333,535.2,12.4166666666667,1420,66.595,300,1,0.57
"119","Colomys",1,58.5,NA,NA,NA,NA,NA,36,2,NA
"120","Condylura",1,55.33,NA,NA,0.79,30,10,NA,4.42,1
"121","Conepatus",3,2232.22333333333,1.85,NA,NA,NA,10.5,NA,3.77666666666667,1.5
"122","Conilurus",1,144,1.16,NA,1.02,NA,NA,60,2,NA
"123","Connochaetes",2,148375,8.41,14358.335,7.75,NA,22.75,235,1.005,1
"124","Cremnomys",2,36.95,NA,NA,NA,NA,NA,NA,3.585,NA
"125","Cricetomys",1,1092.6,1.17,23.1,1.02,NA,5.32,NA,3.33,4.33
"126","Cricetulus",2,30.8,0.49,2,0.67,14,NA,NA,4.715,2
"127","Cricetus",1,506.67,0.71,5.05,0.83,105.05,3.34,48,7.73,2
"128","Crocidura",13,10.8392307692308,0.888333333333333,1.08375,0.7,9.88333333333333,5.02333333333333,40.6666666666667,3.35076923076923,3
"129","Crocuta",1,63000,3.45,1353.33,10.57,14500,33,493,2,1
"130","Crossarchus",1,727,2.25,NA,0.75,NA,9,108,4,2.5
"131","Cryptomys",3,158.833333333333,2.86,8.815,2.115,26.05,8.605,115,2.68,1.5
"132","Cryptoprocta",1,9500,3,100,4.08,NA,49.17,240,3,NA
"133","Cryptotis",1,6.2,0.67,0.34,0.69,3.85,1.63,31,5.13,NA
"134","Ctenodactylus",2,231.775,2.22,24.1,NA,NA,9.75,NA,1.925,1
"135","Ctenomys",5,285.8,3.8,21.35,1.2,NA,8.07,NA,2.87,1
"136","Cuon",1,12760,2.07,273.33,1.64,2350,11.5,186,4.13,NA
"137","Cyclopes",1,5070,8.92,NA,5,NA,NA,NA,1,NA
"138","Cynictis",1,598.5,1.84,NA,2,NA,24,182,1.67,2
"139","Cynocephalus",2,1000,2.75,35.9,6.34,NA,NA,210,1,NA
"140","Cynogale",1,4000,NA,NA,NA,NA,NA,NA,2,NA
"141","Cynomys",5,779.454,1.03666666666667,15.38,1.63666666666667,140.57,18.395,102,4.978,1
"142","Cystophora",1,212000,8.01,15388.89,0.3,44980,35.88,420,1,1
"143","Dama",1,54500,7.75,4511.17,6.01,22570,18.55,300,1.14,1
"144","Damaliscus",3,123833.333333333,8.43666666666667,8747.33333333333,5,NA,22.13,260,1.08333333333333,0.57
"145","Dasymys",1,106.18,NA,NA,1,30,2.34,NA,2.5,NA
"146","Dasyprocta",3,2863.33333333333,3.135,22.7,NA,NA,11.18,213,1.91333333333333,NA
"147","Dasypus",5,3715,3.925,66.33,4.5,NA,11.165,268,4,1
"148","Daubentonia",1,2610.33,5.53,123,7.71,1535,39,279,1,1.04
"149","Delphinapterus",1,665000,13.44,71400,22.6,NA,56.21,360,1.02,0.33
"150","Delphinus",1,76365,9.57,7050,10.5,40000,55.02,240,1,0.42
"151","Dendrohyrax",2,3033.335,7.295,236,5,NA,13.33,147,1.425,NA
"152","Dendromus",5,8.38666666666667,0.83,NA,NA,NA,NA,39,3.958,NA
"153","Dephomys",1,45,NA,NA,NA,NA,NA,NA,2.75,NA
"154","Desmana",1,383,1.54,NA,1.17,NA,1.3,NA,3.86,2
"155","Desmodilliscus",1,10,0.96,0.9,NA,NA,NA,NA,2.53,NA
"156","Desmodillus",1,54.5,0.94,3.12,1.1,NA,NA,NA,3.29,NA
"157","Dicerorhinus",1,1266666.67,7.75,23000,16.5,NA,90,392,1,0.29
"158","Diceros",1,927766.67,16.12,34166.67,19.92,NA,59.51,550,1,0.39
"159","Dicrostonyx",5,63.0125,0.672,4.13,0.72,24.25,2.44,34.5,3.41,2
"160","Dinaromys",1,56,1,NA,NA,NA,NA,NA,2.5,1.5
"161","Dinomys",1,12500,8.42,730.54,0.5,NA,NA,156,1.85,NA
"162","Diplomesodon",1,10,NA,NA,NA,NA,NA,NA,5,NA
"163","Dipodomys",14,75.9421428571429,0.986666666666667,4.2125,0.861,26.0957142857143,2.545,113,2.75,1.73181818181818
"164","Dipus",1,87,0.92,NA,NA,NA,2.75,NA,3.38,2
"165","Dolichotis",2,7050,2.69,378.97,2.13,NA,5,168,1.48,3.5
"166","Dremomys",1,172.5,NA,NA,NA,NA,NA,85,3.5,NA
"167","Dryomys",2,25,0.81,1.6,1,NA,NA,48,3.33,1.105
"168","Dugong",1,479500,12.21,27500,18,NA,112.93,876,1,0.22
"169","Echimys",1,640,NA,NA,NA,NA,NA,NA,2,NA
"170","Echinops",1,180,1.9,7.74,0.94,50,8.32,156,5.01,1
"171","Echinosorex",1,956.5,1.25,14.5,NA,NA,NA,55,1.8,2
"172","Eira",1,4500,2.19,82.25,2.71,1707.5,NA,216,1.92,NA
"173","Elaphodus",1,33500,6.5,NA,NA,NA,18,144,1,NA
"174","Elaphurus",1,149000,9.41,11412.5,5.5,NA,27,279,1.11,1
"175","Elephantulus",7,52.37,1.96,9.61,1.00666666666667,28.99,5.22,71,1.69666666666667,4.25
"176","Elephas",1,3178000,21.12,100038.9,18,NA,126.53,960,1,0.23
"177","Eligmodontia",1,21.4,NA,1.73,0.6,NA,1.75,NA,4,NA
"178","Eliomys",1,115,0.74,NA,1,NA,18,60,4.89,1.21
"179","Ellobius",2,59,0.87,NA,2,NA,3.15,NA,3.635,4.75
"180","Enhydra",1,21800,7.1,1909.17,5.77,12666.67,43.13,240,1,0.83
"181","Eolagurus",1,26,NA,NA,NA,NA,0.97,NA,7.5,3.5
"182","Epixerus",1,388,NA,NA,NA,NA,NA,NA,2,NA
"183","Equus",6,282000,11.79,32864.6675,10.6075,174500,32.922,389.333333333333,1,0.582
"184","Eremitalpa",1,23.2,NA,NA,NA,NA,NA,NA,1,NA
"185","Eremodipus",1,51,NA,NA,NA,NA,NA,NA,NA,1
"186","Erethizon",1,9000,6.78,678.2,1.28,936.84,24.74,120,1,1
"187","Erignathus",1,286666.67,8.71,36950,1,72666.67,65.02,372,1,1
"188","Erinaceus",2,745,1.2,18.85,1.37,203,8.9,72.5,4.57,1.58
"189","Erythrocebus",1,5883.4,5.56,546.5,5.33,1950,32.84,287,1,0.97
"190","Eschrichtius",1,25066666.67,12.36,529666.67,6.1,NA,79.28,840,1,0.5
"191","Eubalaena",2,2.3e+07,12.025,NA,7,NA,109,804,1,0.29
"192","Eulemur",5,1883.78,4.216,71.3,5.09,NA,23.725,378.5,1.134,1.25
"193","Eumetopias",1,288932.5,8.75,19215,9.71,106610,56.08,360,1,1
"194","Euoticus",1,280,4.5,NA,NA,NA,NA,NA,NA,NA
"195","Euphractus",1,4600,2.09,105,1.02,420,9,226,1.75,NA
"196","Eupleres",1,3000,NA,150,2.13,NA,NA,NA,1.5,NA
"197","Exilisciurus",1,14.6,NA,NA,NA,NA,NA,NA,2.5,NA
"198","Felis",4,4656.25,2.15,88.715,2.625,1421.645,13.025,192,3.395,2.13
"199","Feresa",1,133000,NA,NA,NA,NA,NA,NA,1,NA
"200","Fossa",1,1540,2.9,67.5,2.28,NA,23.92,132,1,NA
"201","Funambulus",3,147.65,1.23,NA,2,NA,7.68,NA,2.69333333333333,2.67
"202","Funisciurus",4,184.1675,1.73,9.96,1.67,NA,NA,114,1.775,2
"203","Galago",3,213.526666666667,4.26666666666667,16.7166666666667,3,105.835,10.6866666666667,226,1.24666666666667,2
"204","Galagoides",2,105,3.61,12.565,1.5,NA,12.275,183,1.445,1.5
"205","Galea",2,331.925,1.78,37.99,1.27,136.75,2.18,38.5,2.515,NA
"206","Galemys",1,61.3,1,NA,NA,NA,24,48,3.75,2
"207","Galerella",2,565.5,2,NA,1.825,NA,NA,NA,2.415,2
"208","Galictis",1,2350,1.3,NA,NA,NA,NA,126,2,NA
"209","Galidia",1,800,2.61,50,1.94,183,24.22,293,1,1
"210","Galidictis",1,NA,NA,NA,NA,NA,NA,NA,1,1
"211","Gazella",11,29842.8509090909,5.86636363636364,2996.14666666667,3.15,10250,14.1922222222222,203.5,1.168,1.25
"212","Genetta",3,1970.55666666667,2.41,72.6,2.345,NA,48.64,258,2.35,2
"213","Geocapromys",2,1080,3.54,78,NA,250,12,118,1.4,2
"214","Geogale",1,6.7,2.06,0.7,1.21,NA,NA,25,3.9,2
"215","Geomys",4,231.5425,0.905,5.655,1.055,33.75,4.9,55,3.3875,1.6825
"216","Georychus",1,181,1.47,8.4,0.57,36,10,36,5.95,2
"217","Gerbillurus",3,30.3666666666667,0.745,2.1,0.88,15.55,2.49,NA,3.67666666666667,NA
"218","Gerbillus",10,26.00625,0.77,2.23,0.9,14.115,2.825,98,4.551,4
"219","Giraffa",1,8e+05,14.89,59770.59,8.25,NA,48.71,434,1.12,0.54
"220","Glaucomys",2,98.775,1.32,4.555,1.935,39.235,9.335,163,3.25,1.165
"221","Glirulus",1,27,1,NA,NA,NA,NA,NA,4,1.5
"222","Globicephala",2,893000,15.025,84833.335,37.345,NA,93.71,738,1,0.22
"223","Golunda",1,65,NA,NA,NA,NA,NA,NA,3.5,NA
"224","Gorilla",1,101386.11,8.47,2077.5,27.44,12595,89.33,472,1.01,0.26
"225","Grammomys",3,48.35,0.815,4.2,0.785,NA,2.4,53,1.87,3
"226","Grampus",1,425000,12,NA,NA,NA,NA,NA,NA,NA
"227","Graomys",1,66,NA,NA,NA,NA,NA,NA,7.05,NA
"228","Graphiurus",3,46.4,0.8,3.5,NA,25.6,NA,69,3.33333333333333,3
"229","Gulo",1,16333.33,1.69,90.53,2.6,NA,26.76,208,2.84,0.45
"230","Halichoerus",1,186000,7.87,12820,0.61,43077.78,50.52,552,1,0.93
"231","Hapalemur",2,1296.355,4.73,44.8,4.84,NA,28.93,204,1.2,1.045
"232","Helarctos",1,46000,3.68,275,3,NA,78,372,1.16,NA
"233","Heliophobius",1,160,2.9,7,NA,NA,NA,NA,2.6,1.25
"234","Heliosciurus",1,326.5,NA,NA,NA,NA,NA,NA,2.8,NA
"235","Helogale",1,274.8,1.8,NA,NA,NA,13.5,NA,3.38,2.33
"236","Hemicentetes",1,149.6,1.79,8.18,0.67,NA,1.44,32,5.02,2
"237","Hemiechinus",4,290.75,1.25,9.04666666666667,1.7025,NA,8.5,86,3.5325,1
"238","Hemigalus",1,2375,NA,125,2.33,NA,NA,216,2,NA
"239","Hemitragus",2,35200,6.085,2000,4.985,NA,22.25,261,1.015,1
"240","Herpailurus",1,6750,2.33,NA,NA,NA,26.4,180,2.34,2
"241","Herpestes",3,1576,1.99666666666667,25.92,1.825,537.5,16.95,NA,2.58333333333333,1
"242","Heterocephalus",1,35,2.23,1.88,1.17,11,7.5,192,8.95,3.5
"243","Heterohyrax",1,2456.67,7.57,225,3,NA,16,NA,1.94,NA
"244","Heteromys",4,78.25,0.92,3.15,NA,NA,4.64,NA,3.10333333333333,4.25
"245","Hexaprotodon",1,215000,6.84,5636.25,7.33,NA,48,526,1,0.42
"246","Hippocamelus",2,69300,7.25,NA,NA,NA,NA,NA,1,NA
"247","Hippopotamus",1,1258333.33,7.75,39746.67,10.13,237500,89.93,732,1,0.61
"248","Hippotragus",2,221250,9.095,15306.905,6.5,NA,24.005,267,1,1
"249","Hodomys",1,368,NA,NA,NA,NA,NA,NA,2,NA
"250","Holochilus",1,155,0.94,5,0.75,NA,3.25,NA,3,NA
"251","Hoplomys",1,504,NA,24.3,NA,NA,NA,NA,2.1,NA
"252","Hyaena",1,40000,3.01,669.5,9.17,NA,28.11,282,2.61,NA
"253","Hybomys",1,51.8,1,4.4,NA,NA,2.93,NA,2.5,NA
"254","Hydrochaeris",1,55000,8.82,1537.5,3.38,8299,15.1,144,3.48,1.25
"255","Hydrodamalis",1,4e+06,NA,NA,NA,NA,NA,NA,1,NA
"256","Hydromys",1,606,1.17,24.39,1.05,150,5.36,NA,3.8,2.12
"257","Hydropotes",1,14000,6.25,1028.33,NA,NA,7,167,3.32,NA
"258","Hydrurga",1,398666.67,9.5,30875,1,NA,41.7,312,1,NA
"259","Hyemoschus",1,12250,5.86,NA,5.17,NA,13.38,156,1.25,1
"260","Hylobates",7,6444.28142857143,7.232,426.52,18.7825,1070,94.2925,402,1.02428571428571,0.405
"261","Hylochoerus",1,202500,4.39,1250,2.25,NA,17.5,216,4.7,NA
"262","Hylomys",1,64,1.08,NA,NA,NA,NA,NA,2.43,2
"263","Hylomyscus",2,18.35,0.97,1.495,NA,NA,1.27,NA,3.065,NA
"264","Hylopetes",2,375,NA,NA,2.5,NA,NA,NA,2.865,2
"265","Hyomys",1,882,NA,NA,NA,NA,NA,NA,1,NA
"266","Hyperacrius",2,52.6,NA,NA,NA,NA,NA,NA,1.67,2.5
"267","Hyperoodon",1,5266666.67,12,NA,12,NA,117.38,444,1,0.75
"268","Hypogeomys",1,1250,4,NA,NA,NA,NA,NA,1,NA
"269","Hystrix",5,11880.666,3.1625,592.05,2.53,NA,15.2,220.5,2.17666666666667,1.67
"270","Ichneumia",1,3150,NA,NA,9,NA,NA,121,2.33,NA
"271","Ictonyx",2,632.5,1.44,8.75,1.925,210,9.26,160,2.085,1
"272","Idiurus",1,15.75,NA,NA,NA,NA,NA,NA,1,NA
"273","Indri",1,7918,4.85,300,10.41,NA,96,NA,1,0.4
"274","Inia",1,96500,9.83,6800,NA,NA,NA,360,1,NA
"275","Iomys",1,120,NA,NA,NA,NA,NA,NA,2.38,NA
"276","Jaculus",3,94.5,1.215,2,1.67,20,10.74,75,3.77666666666667,2.25
"277","Kannabateomys",1,460,NA,NA,NA,NA,NA,NA,1,NA
"278","Kerodon",1,950,2.53,80.33,NA,NA,3.12,132,1.57,NA
"279","Kobus",5,79423.332,8.34,6345.83333333333,6.09333333333333,31600,19.98,221.666666666667,1.025,1.2
"280","Kogia",2,276616.665,11,82000,NA,NA,NA,NA,1,1
"281","Lagenodelphis",1,164000,11,NA,NA,NA,87,192,1,NA
"282","Lagenorhynchus",4,143750,10.71,24000,15,NA,99.67,438,1,0.41
"283","Lagidium",2,935,4.215,220,1.94,NA,7.18,234,1.25,2
"284","Lagostomus",1,3250,5.14,196,1.78,652.25,7.4,113,2.05,1.75
"285","Lagothrix",1,6076.25,8.35,213.96,11.57,NA,81.49,311,1,0.5
"286","Lagurus",1,20.3,0.66,1.35,NA,5.75,1.24,NA,4.5,5
"287","Lama",3,104166.666666667,11.0166666666667,10416.89,7.77666666666667,NA,17,340,1,0.5
"288","Lasiopodomys",1,NA,NA,1.9,NA,NA,2,NA,6,2.67
"289","Leggadina",2,18.75,1.05,NA,1,NA,3,NA,3.25,NA
"290","Lemmiscus",1,27.17,0.82,1.16,0.7,NA,1.89,NA,6.11,3
"291","Lemmus",2,55.435,0.69,3.85,0.5,27,1.575,24,5.135,2.75
"292","Lemniscomys",2,50.65,0.83,1.7,1,15,5.51,30,3.895,2
"293","Lemur",1,2466.67,4.43,72.14,4.79,NA,24.75,396,1.11,0.93
"294","Leontopithecus",1,558,4.35,55.07,4.3,165,25.01,338,1.95,1.75
"295","Leopardus",3,4905.55666666667,2.60666666666667,186.2,2.38666666666667,2092.55,21.725,254.5,1.47333333333333,0.75
"296","Lepilemur",3,730.666666666667,4.38,37.17,3.405,NA,17.2,144,1,1
"297","Leporillus",1,332.5,1.24,NA,1.17,NA,7.47,NA,2.17,NA
"298","Leptailurus",1,13350,2.36,253.2,4.2,NA,26.75,237,2.18,2
"299","Leptonychotes",1,421666.67,9.6,28394,1.33,117917.14,48.51,300,1,NA
"300","Lepus",14,2819.30846153846,1.44538461538462,101.753636363636,1.26333333333333,1158.29,10.8118181818182,120.5,3.28071428571429,2.839
"301","Limnogale",1,79.5,NA,NA,NA,NA,NA,NA,3,1
"302","Liomys",4,49.625,0.875,2.325,0.87,22.5,3.91333333333333,18,3.5325,1.62
"303","Lipotes",1,83500,10.5,NA,NA,NA,96,288,1,0.5
"304","Litocranius",1,41333.33,6.76,NA,NA,NA,11.83,156,1,NA
"305","Lobodon",1,238333.33,8.5,22333.33,1.09,120000,48.16,468,1,1
"306","Lontra",3,6862.5,2.11,141,4.38,1510,29.97,276,2.82333333333333,0.94
"307","Lophiomys",1,755,NA,NA,1.33,NA,NA,90,2,NA
"308","Lophocebus",1,6725.8,5.97,462.5,7.67,2170,57.58,392,1,0.36
"309","Lophuromys",4,49.75,1.02666666666667,7.83333333333333,1.035,14.47,2,NA,2.3275,NA
"310","Loris",1,237,5.56,12.34,5.92,139,13.37,185,1.37,1.5
"311","Loxodonta",1,3507000,21.46,99006.25,39.35,6e+05,147.51,840,1.02,0.21
"312","Lutra",2,5375,2.1,NA,1.9,NA,12,NA,2.03,1
"313","Lutrogale",1,9000,2.07,NA,NA,NA,NA,240,5,NA
"314","Lycaon",1,27133.33,2.41,332.5,2.88,NA,25.25,204,6.99,0.93
"315","Lynx",4,11231.6675,2.1375,258.166666666667,3.55,1525,17.0066666666667,282.25,2.69,0.98
"316","Macaca",13,6243.50538461539,5.6275,449.096153846154,11.1584615384615,1843.54125,50.5990909090909,331.2,1.06384615384615,0.7
"317","Macroscelides",1,40,2.14,7,0.62,NA,1.45,NA,1.6,NA
"318","Macrotarsomys",1,NA,NA,NA,NA,NA,NA,NA,2.48,NA
"319","Madoqua",3,4225.55666666667,5.805,675.223333333333,2.2,2302.75,9.385,171,1,2
"320","Makalata",1,276,NA,NA,NA,NA,NA,37,1.33,NA
"321","Malacothrix",1,12.33,0.88,1.2,1.07,NA,2.12,NA,4.1,NA
"322","Mandrillus",2,10502.085,6.105,761.75,13.82,3000,52.53,346,1.035,0.83
"323","Manis",7,7980,3.62666666666667,276.45,2.95666666666667,2005.925,24,240,1.00833333333333,1
"324","Marmota",13,4558.48111111111,1.125,31.88,1.2875,363.415,30.93625,158.666666666667,4.4475,0.842727272727273
"325","Martes",6,1628.89,1.736,32.175,1.838,564.666666666667,18.886,182.166666666667,3.15666666666667,1
"326","Massoutiera",1,194,NA,20.5,NA,NA,NA,NA,2,NA
"327","Mastomys",2,41.37,0.735,2.07,0.69,17.89,3.635,NA,10.34,2
"328","Mazama",3,15950,7.36666666666667,667.415,6,NA,16.25,166,1,1
"329","Megadontomys",1,111,NA,4.5,1,NA,NA,NA,2.7,NA
"330","Megaptera",1,3e+07,11.43,1325000,9.08,NA,64.28,924,1.01,0.5
"331","Meles",1,13000,1.89,84.25,3.18,NA,13.25,194,3.11,0.75
"332","Mellivora",1,10000,5.86,210,NA,NA,NA,317,2.33,2
"333","Melogale",1,2000,NA,NA,NA,NA,NA,NA,3,NA
"334","Melomys",8,73.9625,1.3,6.5,0.915,24,6.42,NA,2.05,1.3
"335","Melursus",1,1e+05,6.42,NA,2.5,NA,NA,480,1.69,NA
"336","Mephitis",2,1393.125,1.815,28.1,2.08,493.5,11.17,60,5.215,1.21
"337","Meriones",10,93.5,0.834444444444444,3.73555555555556,0.75125,24.24,3.122,45.5,4.926,2.868
"338","Mesembriomys",2,584.25,1.515,34.9,1.595,440.5,2.32,47,1.98,4
"339","Mesocricetus",3,151.25,0.52,2.31,0.74,22.93,1.355,36,7.54,2.875
"340","Mesoplodon",3,1983333.33333333,12,NA,12,NA,108,324,1,NA
"341","Microcavia",1,350,1.8,30.4,1.28,NA,3.19,NA,2.36,4
"342","Microcebus",3,148.89,2.395,8.92666666666667,2.39,NA,15.55,184.5,2.20333333333333,1
"343","Microdipodops",2,13.5,NA,1,NA,NA,NA,65,3.9,NA
"344","Microgale",2,42.95,2.045,3.8,0.955,NA,21.75,68.5,2.12,NA
"345","Micromys",1,6,0.65,0.9,0.59,NA,1.41,60,5.15,2.6
"346","Micropotamogale",1,69.6,NA,NA,NA,NA,NA,NA,4,NA
"347","Microtus",29,50.438,0.730476190476191,2.64909090909091,0.613333333333333,14.1886666666667,2.044375,30.5555555555556,4.29678571428571,3.51421052631579
"348","Millardia",1,70,0.62,NA,NA,NA,2.96,NA,5.62,4.5
"349","Miopithecus",1,1093.33,5.4,187.5,5.43,450,53.13,332,1,1
"350","Mirounga",2,648033.335,8.04,37584.445,0.82,134114.725,36.455,258,1,0.93
"351","Monachus",2,224000,10.5,25137.5,1.395,64000,54,322,1,0.5
"352","Monodon",1,9e+05,14.83,80000,17,NA,72,600,1,0.33
"353","Moschiola",1,2450,4.94,319,NA,NA,NA,81,1.5,NA
"354","Moschus",3,11466.6666666667,5.33,594.25,3.5,NA,18.27,144,1.4,1
"355","Mungos",1,1331.5,2.02,22.1,NA,NA,11.29,144,3.24,1
"356","Mungotictis",1,700,3.27,50,1.29,NA,24.39,NA,1,NA
"357","Muntiacus",2,13000,6.49,1203.735,2,NA,7.335,220,1.165,1.5
"358","Mus",10,13.93,0.674,1.244,0.776666666666667,5.59666666666667,1.84,54.5,4.99375,3.85666666666667
"359","Muscardinus",1,27.33,0.79,0.8,1.27,NA,16.5,72,4.33,1.5
"360","Mustela",10,497.41,1.408,5.59142857142857,1.61333333333333,51.7925,7.9925,123.142857142857,6.124,1.155
"361","Myocastor",1,7150,4.43,196.36,1.9,1533.33,5.25,79,4.88,2.32
"362","Myomys",3,31.8333333333333,0.97,1.5,NA,8,4.54,NA,4.04666666666667,NA
"363","Myoprocta",1,775,3.3,76.8,1.75,350,8.22,NA,1.75,NA
"364","Myopus",1,25,0.71,3.2,0.67,15.65,1.07,12,4.63,2
"365","Myosciurus",1,16.5,NA,NA,NA,NA,NA,NA,2,NA
"366","Myosorex",3,12,NA,1,0.7,NA,NA,16,3.31666666666667,NA
"367","Myospalax",1,NA,NA,NA,NA,NA,NA,NA,3,1
"368","Myoxus",1,125,0.94,1.5,1.07,NA,10.6,104,4.73,1.19
"369","Myrmecophaga",1,28500,6.19,1491.17,1.83,NA,39,310,1,1.17
"370","Mysateles",2,NA,6.63,NA,6.63,NA,NA,NA,1.875,NA
"371","Mystromys",1,106,1.26,6.25,1.07,39,3.28,72,3.18,NA
"372","Naemorhedus",3,48388.89,7.44666666666667,2755.25,NA,NA,36.6,223,1,1
"373","Nandinia",1,1900,2.13,NA,2.13,NA,36.27,190,2,2
"374","Nannospalax",1,178,NA,5,1.5,NA,NA,NA,3.5,1
"375","Napaeozapus",1,21.33,0.77,0.96,1.19,8.9,8.4,48,4.42,1.33
"376","Nasalis",1,9462.6,5.53,452,7.62,2000,54,276,1,0.67
"377","Nasua",2,4250,2.535,146.665,3.495,730,27.5,204,3.99,NA
"378","Neacomys",1,19,NA,NA,NA,NA,1,NA,3.8,6.1
"379","Nectomys",2,273.75,NA,NA,NA,NA,NA,NA,4.315,NA
"380","Neofelis",1,19500,3.06,215.33,4.26,5427.5,26.3,234,2.47,NA
"381","Neofiber",1,269,0.93,11.08,0.75,NA,2.98,NA,2.34,4.53
"382","Neomys",2,15.16,0.74,0.68,1.085,10,5.25,30.5,5.52,1.8
"383","Neophoca",1,79633.33,11.75,7075,18.75,59724,36,192,1,0.69
"384","Neophocaena",1,32500,10.5,7066.67,10.5,24500,68.67,276,1,0.5
"385","Neotoma",10,216.844,1.10555555555556,11.3211111111111,0.9125,56.81,5.55444444444444,54.2,2.429,2.00222222222222
"386","Neotomodon",1,50,0.91,3.4,NA,NA,3.99,NA,3.25,2
"387","Neotragus",2,4833.335,6,500,NA,NA,7.69,162,1,NA
"388","Nesokia",1,143.5,0.57,NA,NA,NA,NA,NA,4.09,NA
"389","Neurotrichus",1,10,NA,0.67,NA,NA,NA,NA,2.63,NA
"390","Niviventer",1,66.4,NA,3.75,NA,NA,NA,NA,NA,NA
"391","Notiosorex",1,4.15,NA,0.41,1.42,3.6,NA,NA,3.83,2
"392","Notomys",5,39.2,1.332,2.915,1.0175,12.5,3.225,62,3.178,NA
"393","Nyctereutes",1,4232,2.05,87.92,1.73,825,12.22,128,9.46,1
"394","Nycticebus",2,636.6,6.255,35.72,5.82,520,23.42,174,1.535,1
"395","Nyctomys",1,53.33,1.09,5.2,0.7,40,NA,62,2,NA
"396","Ochotona",11,154.866666666667,0.882857142857143,8.87714285714286,0.73,76.71,4.60333333333333,78,4.739,2.31222222222222
"397","Ochrotomys",1,22,0.95,2.63,0.63,10.9,NA,101,2.55,NA
"398","Octodon",1,235,2.96,14.1,1.19,71.2,10.9,85,5.28,1.75
"399","Octodontomys",1,158,3.39,16.67,1.38,NA,NA,88,2.03,NA
"400","Odobenus",1,650000,11.5,51883.33,20.37,2e+05,52.14,480,1.14,0.5
"401","Odocoileus",2,57633.335,6.845,3053.67,3.385,26574,11.665,270,1.665,0.985
"402","Oecomys",1,60.67,NA,NA,NA,NA,3,NA,3.6,4.2
"403","Oenomys",1,85.5,NA,NA,1,30,3.83,NA,3.92,NA
"404","Okapia",1,287500,14.87,17375,7,77000,23.86,396,1,0.75
"405","Oligoryzomys",3,23.8,0.83,3.3,0.49,NA,1.93,NA,3.56666666666667,NA
"406","Ommatophoca",1,187666.67,8.13,20266.67,1,NA,41.51,252,1,1
"407","Oncifelis",2,3475,2.45,86.18,2.25,NA,NA,252,2.27,1.33
"408","Ondatra",1,1135.8,0.91,21.92,0.84,152.1,4.96,120,6.28,2.68
"409","Onychomys",2,29.5,1.025,2.485,0.8,11.275,3.08,57.5,3.605,2.55
"410","Orcaella",1,190000,14,12300,15.5,45000,NA,360,1,NA
"411","Orcinus",1,4300000,14.89,159333.33,15.5,NA,138.22,1080,1,0.21
"412","Oreamnos",1,82350,5.78,3176.67,2.67,NA,29.99,230,1.32,1
"413","Oreotragus",1,13000,6.79,1065,4.5,NA,12,214,1,NA
"414","Orthogeomys",2,437.5,NA,NA,NA,NA,2.77,NA,2.25,2
"415","Orycteropus",1,60000,7.08,1734,3.37,6250,26,288,1.03,1
"416","Oryctolagus",1,1558.25,1.02,39.61,0.85,214,5.13,120,5.54,4.33
"417","Oryx",3,164616.666666667,8.41,11165.835,4.5,NA,24.1433333333333,240,1,1.165
"418","Oryzomys",3,39.44,0.84,3.635,0.75,22.25,1.615,NA,3.96666666666667,5.715
"419","Otaria",1,140000,12,12763.33,12,NA,44.28,298,1,1
"420","Otocolobus",1,3500,2.37,89,NA,NA,12,NA,4.14,NA
"421","Otocyon",1,4150,2.26,120.88,2.06,NA,12,165,3.74,2
"422","Otolemur",2,937.33,4.405,50.105,4.53,500,20.82,216,1.285,1.18
"423","Otomys",5,139.6,1.285,14.6,0.51,28.75,2.725,22,1.886,4.25
"424","Ototylomys",1,101,1.81,10.2,1.08,NA,0.86,NA,2.3,NA
"425","Ourebia",1,17500,6.95,2235,4.5,NA,12.62,190,1,1.53
"426","Ovibos",1,258000,8.48,11077.4,6.21,NA,37.33,288,1.01,0.75
"427","Ovis",6,77722.2233333333,5.648,3104.6875,4.9225,23083.335,20.708,240,1.215,0.9375
"428","Oxymycterus",1,85.5,NA,NA,0.47,NA,3.54,NA,3.02,NA
"429","Ozotoceros",1,35000,7.25,2150,5.5,NA,12,253,1,1
"430","Pachyuromys",1,32.5,0.71,NA,0.97,NA,NA,53,4.06,NA
"431","Paguma",1,4300,NA,NA,NA,NA,NA,240,2.39,2
"432","Pan",2,35175.755,7.555,1540.56,28.705,8500,119.935,726,1.05,0.21
"433","Panthera",4,95668.75,3.435,955.355,4.9275,8752.375,36.69,303.75,2.5775,0.5975
"434","Pantholops",1,27500,7,NA,NA,NA,NA,NA,1,NA
"435","Papio",1,14028.57,5.94,836.97,8.59,3950,55.17,540,1,0.8
"436","Pappogeomys",1,266,NA,6.07,NA,68.8,10.2,NA,2,NA
"437","Paracynictis",1,1800,NA,NA,NA,NA,NA,NA,2.5,NA
"438","Paradoxurus",2,2740,1.5,87.08,NA,NA,11.22,300,2.895,2
"439","Parahyaena",1,60200,3.08,727.28,7.67,27400,36,348,2.28,0.4
"440","Parascalops",1,50.18,1.21,10.1,0.98,34.77,10.5,60,4.38,1
"441","Paraxerus",5,215,1.965,12.6666666666667,1.33,NA,5.145,NA,1.762,1.5
"442","Pardofelis",1,3500,NA,85,NA,NA,NA,NA,2,NA
"443","Parotomys",1,120,NA,NA,NA,NA,4.07,NA,NA,NA
"444","Pecari",1,19200,4.66,657.18,1.7,5220.67,10.64,296,1.82,2
"445","Pedetes",1,3500,2.53,264.5,1.64,1300,34,228,1,3.6
"446","Pelea",1,25000,8.7,NA,NA,NA,NA,148,1,NA
"447","Pelomys",2,84,NA,NA,NA,NA,NA,NA,2.585,NA
"448","Peponocephala",1,206000,12,NA,NA,NA,141,564,NA,NA
"449","Perodicticus",1,1083.5,6.44,40.51,4.34,NA,18.74,312,1.03,1
"450","Perognathus",7,10.59,0.85,1.14,0.79,4.75,3.66333333333333,67,4.56428571428571,1.53714285714286
"451","Peromyscus",24,33.505652173913,0.937777777777778,2.72882352941176,0.823333333333333,12.118,2.15909090909091,100,3.24318181818182,3.66777777777778
"452","Petaurista",5,1461.11,1.5,30.5,2.625,NA,NA,192,1.25,NA
"453","Petinomys",4,225.3125,1.77,NA,NA,NA,NA,NA,1.625,NA
"454","Petrodromus",1,220,NA,31,NA,NA,NA,NA,1.17,NA
"455","Petromus",1,200,NA,NA,NA,NA,NA,NA,1.88,1
"456","Petromyscus",1,21,NA,2.1,1.05,NA,NA,NA,2.56,1
"457","Phacochoerus",1,71000,5.53,672.78,3.49,NA,18.55,225,3.53,1.11
"458","Phaner",1,400,NA,NA,NA,NA,NA,144,1,NA
"459","Phenacomys",2,30,0.73,2.29,0.655,12.64,1.23,48,4.74,2.3
"460","Phoca",7,92334.7628571429,9.09714285714286,7259.95,1.12857142857143,31312.13,51.5071428571429,476,1.00142857142857,0.96
"461","Phocarctos",1,NA,12,7000,8.67,NA,NA,276,1,1
"462","Phocoena",2,49091.665,9.66,6775,8.5,NA,34.71,156,1,NA
"463","Phocoenoides",1,101666.67,9.98,NA,11.43,NA,65.62,264,1,0.71
"464","Phodopus",3,23.4,0.675,1.61,0.64,16.45,4.48333333333333,38,5.5,3.5
"465","Phyllotis",1,50.83,1.12,NA,NA,NA,NA,NA,NA,NA
"466","Physeter",1,15400000,15.8,942666.67,18.4,NA,103.36,924,1,0.17
"467","Pithecheir",1,104,NA,NA,NA,NA,NA,NA,2,NA
"468","Pithecia",2,1651.935,5.32,120.67,4,NA,25.48,294,1,NA
"469","Plagiodontia",1,1267,4.5,105.85,NA,NA,NA,119,1.22,NA
"470","Platanista",2,21000,10.125,7000,12,NA,80.95,240,1,NA
"471","Podomys",1,31.25,0.77,2.4,0.84,11.5,NA,89,2.74,NA
"472","Poecilogale",1,257.5,1.05,4,2.14,50,14.43,NA,2.2,1.25
"473","Poelagus",1,2500,1.25,NA,NA,NA,NA,NA,1.5,NA
"474","Pogonomelomys",1,60.9,NA,NA,NA,NA,NA,NA,1,NA
"475","Pogonomys",3,59.7333333333333,NA,NA,NA,NA,NA,29,1.89,NA
"476","Pongo",1,37115.6,8.67,1671.93,36.79,11000,110.12,672,1.21,0.22
"477","Pontoporia",1,40333.33,10.92,7900,10.5,NA,28.03,192,1,0.5
"478","Potamochoerus",1,71000,3.78,762,3,NA,28.24,240,4.33,NA
"479","Potamogale",1,761.7,NA,NA,NA,NA,NA,NA,1.63,2
"480","Potos",1,3000,3.84,165.66,3.35,NA,27.65,384,1,1
"481","Praomys",4,31.2425,1.00666666666667,2.7,0.92,15.25,2.7,62,4.0075,NA
"482","Presbytis",4,6375,NA,NA,NA,NA,NA,NA,1,NA
"483","Priodontes",1,50000,4,113,1.25,NA,10.5,156,1.5,NA
"484","Prionailurus",3,5450,2.23,131.93,2.195,620,18.52,186,2.29666666666667,NA
"485","Prionodon",2,2599,NA,40,NA,NA,NA,128,2,NA
"486","Procapra",1,24000,6.43,2900,NA,NA,17.5,84,1.33,NA
"487","Procavia",1,3600,7.44,232.18,2.81,500,22.18,132,2.38,NA
"488","Procolobus",2,4881.75,5.63,NA,21.88,NA,48.96,NA,1,NA
"489","Procyon",2,5335,2.13,76.14,2.95,1200,11.34,247,3.07,1
"490","Proechimys",3,402.166666666667,2.06666666666667,23.11,0.79,NA,4.74,63,2.63333333333333,4.22
"491","Profelis",1,10650,NA,248.33,NA,NA,NA,NA,2,NA
"492","Pronolagus",3,2038.33333333333,NA,NA,NA,NA,NA,NA,1.53333333333333,NA
"493","Propithecus",3,4487.37666666667,5.315,103.546666666667,6.74666666666667,NA,48.2266666666667,280,1.17,0.74
"494","Proteles",1,10000,2.9,NA,3.52,NA,NA,227,2.77,NA
"495","Psammomys",1,177.33,0.88,6.25,0.89,40,5.49,NA,3.53,NA
"496","Pseudalopex",3,7226.66666666667,1.93,NA,2,NA,11,164,3.55666666666667,1
"497","Pseudois",1,46666.67,5.16,NA,6,NA,18.61,180,1.5,NA
"498","Pseudomys",17,47.7705882352941,1.04714285714286,3.9,0.982307692307692,15.8333333333333,4.68,57.5,3.19529411764706,1.91666666666667
"499","Pseudorca",1,1360000,14.92,NA,16.5,NA,114.73,750,NA,0.14
"500","Pteromys",1,130,1,NA,1.5,NA,NA,NA,2.6,1.5
"501","Pteronura",1,24000,2.26,202.83,3.67,NA,24,174,1.94,1
"502","Ptilocercus",1,42.5,NA,10,NA,NA,NA,32,2,NA
"503","Pudu",2,9000,6.76,547.5,2,NA,5.73,252,1.015,NA
"504","Puma",1,48000,3.07,388.22,4.2,3500,26.91,240,2.85,0.47
"505","Pygathrix",2,9135,6.25,445,NA,NA,NA,NA,1,NA
"506","Pygeretmus",2,52.33,0.92,NA,NA,NA,5.18,NA,4.5,2
"507","Rangifer",1,113200,7.24,5773.67,2.84,26900,23.93,242,1.2,0.91
"508","Raphicerus",1,11333.33,6.53,936,3,NA,7.5,NA,1,NA
"509","Rattus",14,149.417857142857,0.759,4.20714285714286,0.834285714285714,34.494,2.65090909090909,39.5,5.1525,3.432
"510","Ratufa",3,1496.66666666667,1.57666666666667,77,2.25,NA,29.725,240,2.04333333333333,1.75
"511","Redunca",3,39616.6666666667,7.46333333333333,3550,NA,NA,66.48,180,1,1.09
"512","Reithrodon",1,72.17,NA,NA,NA,NA,2,NA,4.53,NA
"513","Reithrodontomys",5,10.776,0.75,1.135,0.6075,4.325,3.14333333333333,27,3.462,1.5
"514","Rhabdomys",1,51,0.83,2.67,0.49,8.45,1.78,35,6.56,4
"515","Rhinoceros",2,1676166.665,16.47,58204.55,16.5,885812.33,57.425,408,1,0.31
"516","Rhinosciurus",1,221,NA,NA,NA,NA,NA,NA,1.43,NA
"517","Rhipidomys",2,66.25,NA,NA,NA,NA,NA,NA,2.9,3.5
"518","Rhizomys",2,2725,NA,NA,3.5,NA,NA,NA,NA,NA
"519","Rhombomys",1,143,0.92,4.75,0.73,NA,3.5,48,5.76,2.5
"520","Rhynchocyon",1,540,1.4,80,0.49,180,1.25,60,1,4.5
"521","Romerolagus",1,494.5,1.27,30.62,0.86,102.6,6.33,NA,2.18,NA
"522","Rupicapra",1,26100,5.83,2652.86,3.7,NA,30.55,NA,1,0.94
"523","Saccostomus",1,47.38,0.69,2.6,1,NA,2.17,33,6.99,NA
"524","Saguinus",10,457.634,5.02571428571429,41.9755555555556,4.39142857142857,138.75,22.544,246,1.80625,1.14
"525","Saiga",1,38250,4.94,3365.33,2.92,14500,9.15,144,1.65,1
"526","Saimiri",2,593.9,5.71,113.25,6.4,410.5,38.71,252,1,1.33
"527","Salpingotus",1,NA,NA,NA,NA,NA,NA,NA,2.57,2
"528","Scalopus",1,74.6,1.35,5.36,1.17,NA,10.27,36,3.61,1
"529","Scapanus",3,82.5666666666667,1.085,5,1,65,10,NA,3.23,1
"530","Sciurillus",1,39,NA,NA,NA,NA,NA,NA,2,NA
"531","Sciurus",10,553.845,1.408,12.332,2.215,260,10.612,157.75,3.147,1.60714285714286
"532","Scotinomys",2,13.5,1.05,1.35,0.735,NA,1.43,NA,2.91,NA
"533","Sekeetamys",1,38.5,NA,NA,NA,NA,NA,65,2.85,NA
"534","Semnopithecus",1,11253.33,6.3,500,11.48,2100,40.64,300,1.14,0.67
"535","Setifer",1,259.45,1.89,24.85,0.75,NA,6.48,127,3.04,1
"536","Sicista",2,8,0.83,NA,1.25,NA,11.61,40,4.18,1
"537","Sigmoceros",1,153000,7.76,15000,NA,NA,16.58,NA,1,NA
"538","Sigmodon",5,140.174,1.095,6.12,0.495,29.555,1.5425,62,4.8325,3.5
"539","Solenodon",2,950,2.8,53.75,2.5,NA,NA,107,1.68,2
"540","Sorex",21,6.6965,0.691111111111111,0.416666666666667,0.82,6.02,9.52,19,5.437,1.76916666666667
"541","Sotalia",1,46666.67,10.7,NA,NA,NA,NA,NA,1,NA
"542","Spalacopus",1,98.05,NA,NA,NA,NA,NA,70,2.35,1.75
"543","Spalax",1,NA,NA,NA,NA,NA,NA,NA,2.61,1
"544","Speothos",1,6000,2.35,152.43,3.33,NA,11,160,4.26,2
"545","Spermophilopsis",1,NA,1.5,NA,NA,NA,NA,NA,4.42,1
"546","Spermophilus",31,352.303333333333,0.89,6.206,1.26,80.1064705882353,12.3610526315789,84,5.67333333333333,1.05357142857143
"547","Sphiggurus",2,1875,NA,NA,NA,NA,NA,NA,1,NA
"548","Spilogale",2,385.75,1.88,10.35,1.64,160,7.5,118,4.2,1.25
"549","Steatomys",2,24.765,NA,1.55,NA,NA,NA,NA,4.535,NA
"550","Stenella",3,87327.7766666667,11.3,11300,16.9266666666667,NA,83.4466666666667,618,1.16666666666667,0.33
"551","Steno",1,122500,NA,NA,NA,NA,120,384,NA,NA
"552","Stochomys",1,74.5,NA,NA,NA,NA,NA,NA,3,NA
"553","Stylodipus",1,55,NA,NA,NA,NA,NA,NA,3,1
"554","Suncus",3,23.985,0.99,1.405,0.655,10.585,4.52,31,3.39,NA
"555","Sundamys",1,334,NA,NA,NA,NA,NA,24,3.8,NA
"556","Sundasciurus",2,71,NA,NA,NA,NA,NA,NA,2.75,NA
"557","Surdisorex",2,NA,NA,NA,NA,NA,NA,NA,1.25,NA
"558","Suricata",1,776,2.57,31.33,1.44,212.75,10.8,152,3.63,1
"559","Sus",3,70600,3.90333333333333,615.905,3.38,8726,16.385,252,4.32,1.36
"560","Sylvicapra",1,19000,5.08,1202.86,NA,NA,9.9,172,1.01,1.38
"561","Sylvilagus",8,1106.535,1.025,36.934,0.765714285714286,139.25,5.045,108,3.6,3.69571428571429
"562","Sylvisorex",1,NA,NA,NA,NA,NA,NA,NA,2,NA
"563","Synaptomys",2,29.175,0.77,3.46,0.75,20,NA,30,3.87,2.5
"564","Syncerus",1,504666.67,11.03,42862.5,9.18,166000,47.92,354,1.08,0.4
"565","Tachyoryctes",2,207.5,1.47,17,1.3,NA,4.99,37,1.47,2.07
"566","Talpa",2,109.15,1.06,3.44,1.14,44.2,10.41,72,4.22,0.985
"567","Tamandua",1,5030,5.22,NA,NA,NA,12,114,1,1.35
"568","Tamias",18,70.4794444444444,1.02923076923077,3.22428571428571,1.33111111111111,26.99,10.74875,94.25,4.45277777777778,1.11133333333333
"569","Tamiasciurus",2,212.15,1.255,6,2.06,83.75,7.62,120,6.99,1.585
"570","Tapirus",4,236300,13.05,6546.875,7.935,86260,34.5,420,1,0.605
"571","Tarsius",5,124.95,5.84333333333333,25.58,2.34,NA,21.81,152.5,1,1.935
"572","Tateomys",1,84,NA,NA,NA,82.8,NA,NA,NA,NA
"573","Tatera",8,101.54125,0.785,3.8575,0.82,31.3333333333333,4.002,84,4.454,4.334
"574","Taterillus",3,49.975,0.875,NA,0.75,NA,3,NA,4,NA
"575","Taurotragus",2,556250,8.655,28325,6,NA,31.695,282,1,NA
"576","Taxidea",1,6050,1.83,101.88,1.68,3000,7.35,312,3.07,0.74
"577","Tayassu",1,33750,5.23,1225,1.63,NA,20,253,2,NA
"578","Tenrec",1,884,2.01,21.38,1.11,225,6.33,76,13.89,1.5
"579","Tetracerus",1,19000,7.34,1033,NA,NA,13.2,130,1.57,NA
"580","Thallomys",1,77.43,NA,2.65,0.98,NA,3.57,NA,3,NA
"581","Thamnomys",1,65,0.8,NA,0.8,NA,2.74,NA,NA,NA
"582","Theropithecus",1,12242.33,5.81,464.5,15.4,3900,46.3,360,1,0.5
"583","Thomomys",7,161.3,0.87,4.17666666666667,1.41,86,9.835,72,4.95571428571429,1.31333333333333
"584","Thrichomys",1,373.5,3.1,21.1,1.5,NA,5.85,NA,3.15,2.5
"585","Thryonomys",2,2783.75,3.28,105,1,NA,10.94,52,3.83,2.165
"586","Tolypeutes",1,1225,4.75,99,1.72,NA,NA,NA,1,1
"587","Trachypithecus",7,7986.39285714286,5.79,406.386666666667,11.1,1100,46.5,NA,1,0.556666666666667
"588","Tragelaphus",7,126166.667142857,7.77666666666667,9030.41666666667,6.5,NA,19.4283333333333,218.8,1,1.12833333333333
"589","Tragulus",2,4875,4.905,371.835,2.96,NA,4.85,168,1,NA
"590","Tremarctos",1,61000,7.33,320,2.96,NA,NA,464,1.65,NA
"591","Trichechus",3,455833.333333333,10.095,20566.665,21,67500,42.655,339,1,0.435
"592","Trogopterus",1,NA,2.71,NA,3.5,NA,22,144,1.55,NA
"593","Tupaia",5,484.75,1.55666666666667,11.3133333333333,1.12,100,4.53,149,2.018,7.5
"594","Tursiops",1,173333.33,12.12,18920,18.94,NA,97.41,588,1,0.5
"595","Tylomys",1,280,1.32,16.77,0.87,40,3.15,65,2.36,NA
"596","Uncia",1,45625,3.28,463.45,2.54,7500,30.11,252,2.22,1
"597","Uranomys",1,47,NA,NA,NA,NA,NA,NA,3.58,NA
"598","Urocyon",2,3055.335,1.92,95.33,1.9,519.67,11.25,NA,3.385,0.99
"599","Urogale",1,350,1.85,19.98,1.25,104.4,NA,138,1.63,NA
"600","Uromys ",1,625,1.29,20,1.33,NA,6,NA,2.06,NA
"601","Urotrichus",1,19.5,NA,NA,1,NA,12,NA,3.53,1.5
"602","Ursus",4,169273.335,7.1975,443.8025,9.0325,23735.3333333333,46.8175,454,2.0575,0.366666666666667
"603","Vandeleuria",1,56.6,NA,NA,NA,NA,NA,NA,4,NA
"604","Varecia",1,3431.43,3.34,91.99,3.67,2893,24.28,396,2.23,1
"605","Vicugna",1,50000,11.55,5841.67,7,NA,22.75,344,1,0.67
"606","Viverra",1,10000,NA,NA,1,NA,NA,240,2.6,2
"607","Viverricula",1,3000,NA,NA,4.25,NA,NA,126,3.88,NA
"608","Vormela",1,542.5,2,NA,1,NA,3,107,5.76,NA
"609","Vulpes",10,3092.917,1.74,52.8633333333333,1.622,1236.43,11.6583333333333,186.333333333333,3.595,0.97
"610","Wiedomys",1,47,NA,NA,NA,NA,NA,NA,3.8,NA
"611","Xerus",2,545,1.54,20,1.74,NA,8.66,72,2.965,1
"612","Zaedyus",1,1500,2,105,1.5,NA,10.5,108,2,NA
"613","Zalophus",1,84666.67,11.14,6817.14,10.75,25000,68,300,1,1
"614","Zapus",3,23.6666666666667,0.64,0.81,0.966666666666667,7.8,6.795,54,5.18666666666667,1.32333333333333
"615","Zelotomys",1,54.5,1.03,NA,NA,NA,NA,NA,4.68,NA
"616","Ziphius",1,2952500,12,NA,NA,NA,NA,432,1,NA
"617","Zygodontomys",1,58,0.87,3.64,0.48,22,1.44,NA,4.32,5.5
"618","Zyzomys",3,91.3333333333333,1,NA,1.17,14,NA,NA,2.5,0.75
